{
  "params": {
    "learning_rate": 0.01290927742950934,
    "n_estimators": 873,
    "num_leaves": 120,
    "max_depth": 7,
    "min_child_samples": 44,
    "feature_fraction": 0.9316385846919043,
    "bagging_fraction": 0.5150006230133028,
    "bagging_freq": 4,
    "reg_alpha": 0.04668202103712372,
    "reg_lambda": 0.07651740880024199,
    "min_split_gain": 0.4349906823633888
  },
  "auc": 0.757
}